Metric,Value
Loss,1.3654139041900635
Accuracy,0.3897243142127991
Precision,0.37696767778846846
Cal-Accuracy,0.38972431077694236
Cal_Recall,0.38972431077694236
Cal_f1_score,0.35165064087086517
Confusion Matrix,"[[51 42  3  0  0  0  0  0  0  0]
 [21 51  2  0  0  0  0  0  0  0]
 [16 23  3 26 23  0  0  0  0  1]
 [ 0  0  1 47 33  2  1  0  0  0]
 [ 0  0  3 36 31  1  2  0  0  0]
 [ 0  0  0  0  0 17 62  0  0  0]
 [ 0  0  0  0  0 10 62  1  0  0]
 [ 0  0  0  0  0 14 32 12  3  6]
 [ 0  0  0  1  0 14  4 15 11 37]
 [ 0  0  0  0  0 21  8 11 12 26]]"
