Metric,Value
Loss,2.1704180240631104
Accuracy,0.31704261898994446
Precision,0.4732066659762422
Cal-Accuracy,0.31704260651629074
Cal_Recall,0.31704260651629074
Cal_f1_score,0.2512159248683349
Confusion Matrix,"[[38 58  0  0  0  0  0  0  0  0]
 [19 54  1  0  0  0  0  0  0  0]
 [16 23  1 12 32  0  1  7  0  0]
 [ 0  0  1 25 46  0  3  9  0  0]
 [ 0  0  1  9 39  1  8 15  0  0]
 [ 0  0  0  0  0  5 71  3  0  0]
 [ 0  0  0  0  0  3 68  2  0  0]
 [ 0  0  0  0  0  7 37 23  0  0]
 [ 0  0  0  1  0  3  7 71  0  0]
 [ 0  0  0  0  0 10 10 58  0  0]]"
